{
    "accuracy": 0.9444444444444444,
    "f1_macro": 0.9509751703336032,
    "f1_weighted": 0.9440447173087687,
    "precision_macro": 0.9512038306641398,
    "recall_macro": 0.9519357515042491,
    "kappa": 0.9247164523015408,
    "auc_macro": 0.9940758447107009
}